Yoga Mudras|Wheel of Dharma Seal,Wheel of Dharma Seal,https://www.yogajournal.com/wp-content/uploads/2017/03/dana-trixie-flynn-in-dharma-chakra-mudra.jpg?crop=535:301&width=1070&enable=upscale,https://www.yogajournal.com/poses/dharmachakra-mudra/
Yoga Mudras|Upright Seal,Upright Seal,https://www.yogajournal.com/wp-content/uploads/2017/03/dana-trixie-flynn-in-linga-mudra.jpg?crop=535:301&width=1070&enable=upscale,https://www.yogajournal.com/poses/linga-mudra/
Yoga Mudras|Unshakeable Trust Seal,Unshakeable Trust Seal,https://www.yogajournal.com/wp-content/uploads/2017/03/dana-trixie-flynn-in-vajrapradama-mudra.jpg?crop=535:301&width=1070&enable=upscale,https://www.yogajournal.com/poses/vajrapradama-mudra/
Yoga Mudras|Truth Seal,Truth Seal,https://www.yogajournal.com/wp-content/uploads/2017/03/tattva-mudra.jpg?crop=535:301&width=1070&enable=upscale,https://www.yogajournal.com/poses/tattva-mudra/
Yoga Mudras|Salutation Seal,Salutation Seal,https://www.yogajournal.com/wp-content/uploads/2007/08/anjali-mudra-sianna-sherman.jpg?crop=535:301&width=1070&enable=upscale,https://www.yogajournal.com/poses/salutation-seal/
Yoga Mudras|Meditation Seal,Meditation Seal,https://www.yogajournal.com/wp-content/uploads/2017/03/svadhyaya-dhyana-mudra.jpg?crop=535:301&width=1070&enable=upscale,https://www.yogajournal.com/poses/dhyana-mudra/
Yoga Mudras|Lotus Seal,Lotus Seal,https://www.yogajournal.com/wp-content/uploads/2017/03/dana-trixie-flynn-in-lotus-mudra.jpg?crop=535:301&width=1070&enable=upscale,https://www.yogajournal.com/poses/padma-mudra/
Yoga Mudras|Life Force Seal,Life Force Seal,https://www.yogajournal.com/wp-content/uploads/2017/03/prana-mudra.jpg?crop=535:301&width=1070&enable=upscale,https://www.yogajournal.com/poses/prana-mudra/
Yoga Mudras|Kali Mudra,Kali Mudra,https://www.yogajournal.com/wp-content/uploads/2017/03/satya-kali-mudra-coral-brown.jpg?crop=535:301&width=1070&enable=upscale,https://www.yogajournal.com/poses/kali-mudra/
Yoga Mudras|Ganesha Mudra,Ganesha Mudra,https://www.yogajournal.com/wp-content/uploads/2017/03/ganesha-mudra.jpg?crop=535:301&width=1070&enable=upscale,https://www.yogajournal.com/poses/ganesha-mudra/
Yoga Mudras|Fearless Heart Seal,Fearless Heart Seal,https://www.yogajournal.com/wp-content/uploads/2017/03/fearless-heart-mudra-sianna-sherman.jpg?crop=535:301&width=1070&enable=upscale,https://www.yogajournal.com/poses/abhaya-hridaya-mudra/
Yoga Mudras|Eagle Seal,Eagle Seal,https://www.yogajournal.com/wp-content/uploads/2017/03/tapas-garuda-mudra.jpg?crop=535:301&width=1070&enable=upscale,https://www.yogajournal.com/poses/garuda-mudra/
Yoga Mudras|Deer Seal,Deer Seal,https://www.yogajournal.com/wp-content/uploads/2007/08/alternate-nostril-breathing.jpg?crop=535:301&width=1070&enable=upscale,https://www.yogajournal.com/poses/deer-seal/
Yoga Mudras|Consciousness Seal,Consciousness Seal,https://www.yogajournal.com/wp-content/uploads/2017/03/tantra_278_16_fnl-gyan-mudra-chin-mudra-meditation.jpg?crop=535:301&width=1070&enable=upscale,https://www.yogajournal.com/poses/chin-mudra/
Yoga Bandha|Upward Abdominal Lock,Upward Abdominal Lock,https://www.yogajournal.com/wp-content/uploads/2007/08/upward-abdominal-lock.jpg?crop=535:301&width=1070&enable=upscale,https://www.yogajournal.com/poses/upward-abdominal-lock/
Yoga Bandha|Root Bond,Root Bond,https://www.yogajournal.com/wp-content/uploads/2007/08/goddess_saraswati_sianna-sherman-meditation-1.jpg?crop=535:301&width=1070&enable=upscale,https://www.yogajournal.com/poses/root-bond/
Yoga Bandha|Net-Bearer Bond,Net-Bearer Bond,https://www.yogajournal.com/wp-content/uploads/2007/08/201503-blog-seated-yogagirl.jpg?crop=535:301&width=1070&enable=upscale,https://www.yogajournal.com/poses/net-bearer-bond/
Yoga Backbends|Wild Thing,Wild Thing,https://www.yogajournal.com/wp-content/uploads/2009/08/2yp_283_0205_fnl.jpg?crop=535:301&width=1070&enable=upscale,https://www.yogajournal.com/poses/wild-thing/
Yoga Backbends|Upward-Facing Dog Pose,Upward-Facing Dog Pose,https://www.yogajournal.com/wp-content/uploads/2007/08/promoupdoghp2_292_37440_cmyk.jpg?crop=535:301&width=1070&enable=upscale,https://www.yogajournal.com/poses/upward-facing-dog-2/
Yoga Backbends|Upward Facing Two-Foot Staff Pose,Upward Facing Two-Foot Staff Pose,https://www.yogajournal.com/wp-content/uploads/2007/08/upward-facing-two-foot-staff-pose.jpg?crop=535:301&width=1070&enable=upscale,https://www.yogajournal.com/poses/upward-facing-two-foot-staff-pose/
Yoga Backbends|Upward Bow (Wheel) Pose,Upward Bow (Wheel) Pose,https://www.yogajournal.com/wp-content/uploads/2007/08/2hp_276_13_fnl.jpg?crop=535:301&width=1070&enable=upscale,https://www.yogajournal.com/poses/upward-bow-or-wheel-pose/
Yoga Backbends|Sphinx Pose,Sphinx Pose,https://www.yogajournal.com/wp-content/uploads/2007/08/32anatomy_290_5169_bjk.jpg?crop=535:301&width=1070&enable=upscale,https://www.yogajournal.com/poses/sphinx-pose/
Yoga Backbends|One-Legged King Pigeon Pose II,One-Legged King Pigeon Pose II,https://www.yogajournal.com/wp-content/uploads/2008/05/carrie-owerko-one-legged-king-pigeon-pose-carrie-owerko.jpg?crop=535:301&width=1070&enable=upscale,https://www.yogajournal.com/poses/one-legged-king-pigeon-pose-ii/
Yoga Backbends|One-Legged King Pigeon Pose,One-Legged King Pigeon Pose,https://www.yogajournal.com/wp-content/uploads/2007/08/king-pigeon.jpg?crop=535:301&width=1070&enable=upscale,https://www.yogajournal.com/poses/one-legged-king-pigeon-pose/
Yoga Backbends|Lord of the Dance Pose,Lord of the Dance Pose,https://www.yogajournal.com/wp-content/uploads/2007/08/3enneagram_289_1454_bjk.jpg?crop=535:301&width=1070&enable=upscale,https://www.yogajournal.com/poses/types/backbends/lord-of-the-dance-pose/
Yoga Backbends|Locust Pose,Locust Pose,https://www.yogajournal.com/wp-content/uploads/2007/08/2anatomy_278_01_fnl.jpg?crop=535:301&width=1070&enable=upscale,https://www.yogajournal.com/poses/locust-pose/
Yoga Backbends|King Pigeon Pose,King Pigeon Pose,https://www.yogajournal.com/wp-content/uploads/2007/08/2yogapedia_273_13_fnl.jpg?crop=535:301&width=1070&enable=upscale,https://www.yogajournal.com/poses/king-pigeon-pose/
Yoga Backbends|Half Frog Pose,Half Frog Pose,https://www.yogajournal.com/wp-content/uploads/2007/08/ccd05808.jpg?crop=535:301&width=1070&enable=upscale,https://www.yogajournal.com/poses/types/backbends/half-frog-pose/
Yoga Backbends|Fish Pose,Fish Pose,https://www.yogajournal.com/wp-content/uploads/2007/08/32enneagram_289_1419_bjk.jpg?crop=535:301&width=1070&enable=upscale,https://www.yogajournal.com/poses/types/backbends/fish-pose/
Yoga Backbends|Cow Pose,Cow Pose,https://www.yogajournal.com/wp-content/uploads/2007/08/3hp_288_02_bjk2.jpg?crop=535:301&width=1070&enable=upscale,https://www.yogajournal.com/poses/types/backbends/cow-pose/
Yoga Backbends|Cobra Pose,Cobra Pose,https://www.yogajournal.com/wp-content/uploads/2007/08/3yp_287_6710_gn_bjk.jpg?crop=535:301&width=1070&enable=upscale,https://www.yogajournal.com/poses/types/cobra-pose-2/
Yoga Backbends|Camel Pose,Camel Pose,https://www.yogajournal.com/wp-content/uploads/2007/08/ccd03730.jpg?crop=535:301&width=1070&enable=upscale,https://www.yogajournal.com/poses/types/backbends/camel-pose/
Yoga Backbends|Bridge Pose,Bridge Pose,https://www.yogajournal.com/wp-content/uploads/2007/08/bridge-pose-giselle-mari.jpg?crop=535:301&width=1070&enable=upscale,https://www.yogajournal.com/poses/bridge-pose/
Yoga Backbends|Bow Pose,Bow Pose,https://www.yogajournal.com/wp-content/uploads/2007/08/3enneagram_289_1380_bjk.jpg?crop=535:301&width=1070&enable=upscale,https://www.yogajournal.com/poses/bow-pose/
Twist Yoga Poses|Revolved Triangle Pose,Revolved Triangle Pose,https://www.yogajournal.com/wp-content/uploads/2007/08/revolved-triangle-pose.jpg?crop=535:301&width=1070&enable=upscale,https://www.yogajournal.com/poses/revolved-triangle-pose-2/
Twist Yoga Poses|Revolved Side Angle Pose,Revolved Side Angle Pose,https://www.yogajournal.com/wp-content/uploads/2007/08/revolved-side-angle-pose.jpg?crop=535:301&width=1070&enable=upscale,https://www.yogajournal.com/poses/revolved-side-angle-pose/
Twist Yoga Poses|Revolved Head-to-Knee Pose,Revolved Head-to-Knee Pose,https://www.yogajournal.com/poses/types/revolved-head-to-knee-pose/,https://www.yogajournal.com/poses/types/revolved-head-to-knee-pose/
Twist Yoga Poses|Pose Dedicated to the Sage Koundinya I,Pose Dedicated to the Sage Koundinya I,https://www.yogajournal.com/wp-content/uploads/2007/08/nov-14-yogapedia-eka-pada-koundinyasana-1.jpg?crop=535:301&width=1070&enable=upscale,https://www.yogajournal.com/poses/pose-dedicated-to-the-sage-koundinya-i/
Twist Yoga Poses|Noose Pose,Noose Pose,https://www.yogajournal.com/wp-content/uploads/2007/08/noose-pose-pasasana.jpg?crop=535:301&width=1070&enable=upscale,https://www.yogajournal.com/poses/noose-pose/
Twist Yoga Poses|Marichi’s Pose,Marichi’s Pose,https://www.yogajournal.com/wp-content/uploads/2007/08/anat_276_01_fnl-marichyasana.jpg?crop=535:301&width=1070&enable=upscale,https://www.yogajournal.com/poses/marichi-s-pose/
Twist Yoga Poses|Half Lord of the Fishes Pose,Half Lord of the Fishes Pose,https://www.yogajournal.com/wp-content/uploads/2007/08/half-lord-of-the-fishes-pose.jpg?crop=535:301&width=1070&enable=upscale,https://www.yogajournal.com/poses/types/twists/half-lord-of-the-fishes-pose/
Twist Yoga Poses|Bharadvaja’s Twist,Bharadvaja’s Twist,https://www.yogajournal.com/wp-content/uploads/2007/08/twistyp_292_00941_bjk.jpg?crop=535:301&width=1070&enable=upscale,https://www.yogajournal.com/poses/types/twists/bharadvaja-s-twist/
Strengthening Yoga Poses|Wide-Legged Forward Bend,Wide-Legged Forward Bend,https://www.yogajournal.com/wp-content/uploads/2007/08/3hp_289_6573_bjk.jpg?crop=535:301&width=1070&enable=upscale,https://www.yogajournal.com/poses/wide-legged-forward-bend/
Strengthening Yoga Poses|Warrior III Pose,Warrior III Pose,https://www.yogajournal.com/wp-content/uploads/2007/08/promowarrioranatomy_292_36462_cmyk.jpg?crop=535:301&width=1070&enable=upscale,https://www.yogajournal.com/poses/warrior-iii-pose/
Strengthening Yoga Poses|Warrior II Pose,Warrior II Pose,https://www.yogajournal.com/wp-content/uploads/2007/08/32hp_291_1870_gn_bjk.jpg?crop=535:301&width=1070&enable=upscale,https://www.yogajournal.com/poses/warrior-ii-pose/
Strengthening Yoga Poses|Warrior I Pose,Warrior I Pose,https://www.yogajournal.com/wp-content/uploads/2017/04/warrior-i-carrie-owerko.jpg?crop=535:301&width=1070&enable=upscale,https://www.yogajournal.com/poses/warrior-i-pose/
Strengthening Yoga Poses|Upward Bow (Wheel) Pose,Upward Bow (Wheel) Pose,https://www.yogajournal.com/wp-content/uploads/2007/08/2hp_276_13_fnl.jpg?crop=535:301&width=1070&enable=upscale,https://www.yogajournal.com/poses/upward-bow-or-wheel-pose/
Strengthening Yoga Poses|Side Plank Pose,Side Plank Pose,https://www.yogajournal.com/wp-content/uploads/2007/08/2hp_271_06_fnl.jpg?crop=535:301&width=1070&enable=upscale,https://www.yogajournal.com/poses/side-plank-pose/
Strengthening Yoga Poses|Revolved Triangle Pose,Revolved Triangle Pose,https://www.yogajournal.com/wp-content/uploads/2007/08/revolved-triangle-pose.jpg?crop=535:301&width=1070&enable=upscale,https://www.yogajournal.com/poses/revolved-triangle-pose-2/
Strengthening Yoga Poses|Revolved Side Angle Pose,Revolved Side Angle Pose,https://www.yogajournal.com/wp-content/uploads/2007/08/revolved-side-angle-pose.jpg?crop=535:301&width=1070&enable=upscale,https://www.yogajournal.com/poses/revolved-side-angle-pose/
Strengthening Yoga Poses|Plank Pose – Step by Step Instructions,Plank Pose – Step by Step Instructions,https://www.yogajournal.com/wp-content/uploads/2017/04/3editplankhp2_292_37428_cmyk.jpg?crop=535:301&width=1070&enable=upscale,https://www.yogajournal.com/poses/types/strength/plank-pose/
Strengthening Yoga Poses|Noose Pose,Noose Pose,https://www.yogajournal.com/wp-content/uploads/2007/08/noose-pose-pasasana.jpg?crop=535:301&width=1070&enable=upscale,https://www.yogajournal.com/poses/noose-pose/
Strengthening Yoga Poses|Locust Pose,Locust Pose,https://www.yogajournal.com/wp-content/uploads/2007/08/2anatomy_278_01_fnl.jpg?crop=535:301&width=1070&enable=upscale,https://www.yogajournal.com/poses/locust-pose/
Strengthening Yoga Poses|Handstand or Downward Facing Tree Pose,Handstand or Downward Facing Tree Pose,https://www.yogajournal.com/wp-content/uploads/2007/08/201506-yjmag-handstand-final.jpg?crop=535:301&width=1070&enable=upscale,https://www.yogajournal.com/poses/types/handstand/
Strengthening Yoga Poses|Garland Pose,Garland Pose,https://www.yogajournal.com/wp-content/uploads/2007/08/ccd03464.jpg?crop=535:301&width=1070&enable=upscale,https://www.yogajournal.com/poses/types/standing/garland-pose/
Strengthening Yoga Poses|Four-Limbed Staff Pose,Four-Limbed Staff Pose,https://www.yogajournal.com/wp-content/uploads/2007/08/edit3chaturangahp2_292_37434_cmyk.jpg?crop=535:301&width=1070&enable=upscale,https://www.yogajournal.com/poses/types/strength/four-limbed-staff-pose/
Strengthening Yoga Poses|Feathered Peacock Pose,Feathered Peacock Pose,https://www.yogajournal.com/wp-content/uploads/2007/08/forearm-balance-clio-manuelian.jpg?crop=535:301&width=1070&enable=upscale,https://www.yogajournal.com/poses/feathered-peacock-pose/
Strengthening Yoga Poses|Extended Triangle Pose,Extended Triangle Pose,https://www.yogajournal.com/wp-content/uploads/2007/08/2yp_285_1643_prf.jpg?crop=535:301&width=1070&enable=upscale,https://www.yogajournal.com/poses/extended-triangle-pose/
Strengthening Yoga Poses|Extended Side Angle Pose,Extended Side Angle Pose,https://www.yogajournal.com/wp-content/uploads/2007/08/2hp_291_1875_gn_bjk.jpg?crop=535:301&width=1070&enable=upscale,https://www.yogajournal.com/poses/extended-side-angle-pose-2/
Strengthening Yoga Poses|Dolphin Pose,Dolphin Pose,https://www.yogajournal.com/wp-content/uploads/2007/08/hp_263_10_bjk_fnl.jpg?crop=535:301&width=1070&enable=upscale,https://www.yogajournal.com/poses/dolphin-pose-2/
Strengthening Yoga Poses|Dolphin Plank Pose,Dolphin Plank Pose,https://www.yogajournal.com/wp-content/uploads/2007/08/3anatomy_287_3356_bjk.jpg?crop=535:301&width=1070&enable=upscale,https://www.yogajournal.com/poses/dolphin-plank-pose/
Strengthening Yoga Poses|Chair Pose,Chair Pose,https://www.yogajournal.com/wp-content/uploads/2007/08/hp_292_267_bjk.jpg?crop=535:301&width=1070&enable=upscale,https://www.yogajournal.com/poses/chair-pose-2/
Strengthening Yoga Poses|Boat Pose,Boat Pose,https://www.yogajournal.com/wp-content/uploads/2007/08/editedboathp_292_8_bjk.jpg?crop=535:301&width=1070&enable=upscale,https://www.yogajournal.com/poses/types/core/full-boat-pose-2/
Standing Yoga Poses|Warrior II Pose,Warrior II Pose,https://www.yogajournal.com/wp-content/uploads/2007/08/32hp_291_1870_gn_bjk.jpg?crop=535:301&width=1070&enable=upscale,https://www.yogajournal.com/poses/warrior-ii-pose/
Standing Yoga Poses|Warrior I Pose,Warrior I Pose,https://www.yogajournal.com/wp-content/uploads/2017/04/warrior-i-carrie-owerko.jpg?crop=535:301&width=1070&enable=upscale,https://www.yogajournal.com/poses/warrior-i-pose/
Standing Yoga Poses|Upward Salute,Upward Salute,https://www.yogajournal.com/wp-content/uploads/2008/02/201506-yjmag-upward-salute.jpg?crop=535:301&width=1070&enable=upscale,https://www.yogajournal.com/poses/upward-salute/
Standing Yoga Poses|Standing Split,Standing Split,https://www.yogajournal.com/poses/standing-split/,https://www.yogajournal.com/poses/standing-split/
Standing Yoga Poses|Standing Half Forward Bend,Standing Half Forward Bend,https://www.yogajournal.com/wp-content/uploads/2008/02/2hp_281_0176_bjk.jpg?crop=535:301&width=1070&enable=upscale,https://www.yogajournal.com/poses/standing-half-forward-bend/
Standing Yoga Poses|Revolved Triangle Pose,Revolved Triangle Pose,https://www.yogajournal.com/wp-content/uploads/2007/08/revolved-triangle-pose.jpg?crop=535:301&width=1070&enable=upscale,https://www.yogajournal.com/poses/revolved-triangle-pose-2/
Standing Yoga Poses|Revolved Side Angle Pose,Revolved Side Angle Pose,https://www.yogajournal.com/wp-content/uploads/2007/08/revolved-side-angle-pose.jpg?crop=535:301&width=1070&enable=upscale,https://www.yogajournal.com/poses/revolved-side-angle-pose/
Standing Yoga Poses|Mountain Pose,Mountain Pose,https://www.yogajournal.com/wp-content/uploads/2007/08/mountainhp2_292_37362_cmyk.jpg?crop=535:301&width=1070&enable=upscale,https://www.yogajournal.com/poses/mountain-pose/
Standing Yoga Poses|Low Lunge,Low Lunge,https://www.yogajournal.com/wp-content/uploads/2008/05/3yp_287_6671_gn_bjk.jpg?crop=535:301&width=1070&enable=upscale,https://www.yogajournal.com/poses/types/standing/low-lunge/
Standing Yoga Poses|Lord of the Dance Pose,Lord of the Dance Pose,https://www.yogajournal.com/wp-content/uploads/2007/08/3enneagram_289_1454_bjk.jpg?crop=535:301&width=1070&enable=upscale,https://www.yogajournal.com/poses/types/backbends/lord-of-the-dance-pose/
Standing Yoga Poses|Intense Side Stretch Pose,Intense Side Stretch Pose,https://www.yogajournal.com/wp-content/uploads/2007/08/ccd04294.jpg?crop=535:301&width=1070&enable=upscale,https://www.yogajournal.com/poses/types/intense-side-stretch-pose/
"Standing Yoga Poses|High Lunge, Crescent Variation","High Lunge, Crescent Variation",https://www.yogajournal.com/wp-content/uploads/2008/04/3hp_288_07_bjk2.jpg?crop=535:301&width=1070&enable=upscale,https://www.yogajournal.com/poses/high-lunge-variation/
Standing Yoga Poses|High Lunge,High Lunge,https://www.yogajournal.com/wp-content/uploads/2008/02/ginacaputohighlungeposepage.jpg?crop=535:301&width=1070&enable=upscale,https://www.yogajournal.com/poses/high-lunge/
Standing Yoga Poses|Half Moon Pose,Half Moon Pose,https://www.yogajournal.com/wp-content/uploads/2007/08/2hp_291_1860_gn_bjk.jpg?crop=535:301&width=1070&enable=upscale,https://www.yogajournal.com/poses/types/balancing/half-moon-pose-3/
Standing Yoga Poses|Gate Pose,Gate Pose,https://www.yogajournal.com/wp-content/uploads/2007/08/3hp_288_03_bjk2.jpg?crop=535:301&width=1070&enable=upscale,https://www.yogajournal.com/poses/gate-pose-2/
Standing Yoga Poses|Garland Pose,Garland Pose,https://www.yogajournal.com/wp-content/uploads/2007/08/ccd03464.jpg?crop=535:301&width=1070&enable=upscale,https://www.yogajournal.com/poses/types/standing/garland-pose/
Standing Yoga Poses|Extended Triangle Pose,Extended Triangle Pose,https://www.yogajournal.com/wp-content/uploads/2007/08/2yp_285_1643_prf.jpg?crop=535:301&width=1070&enable=upscale,https://www.yogajournal.com/poses/extended-triangle-pose/
Standing Yoga Poses|Extended Side Angle Pose,Extended Side Angle Pose,https://www.yogajournal.com/wp-content/uploads/2007/08/2hp_291_1875_gn_bjk.jpg?crop=535:301&width=1070&enable=upscale,https://www.yogajournal.com/poses/extended-side-angle-pose-2/
Standing Yoga Poses|Extended Hand-to-Big-Toe Pose,Extended Hand-to-Big-Toe Pose,https://www.yogajournal.com/wp-content/uploads/2007/08/2yp_285_1542_prf.jpg?crop=535:301&width=1070&enable=upscale,https://www.yogajournal.com/poses/extended-hand-to-big-toe-pose/
Standing Yoga Poses|Eagle Pose,Eagle Pose,https://www.yogajournal.com/wp-content/uploads/2007/08/eaglehp2_292_37370_cmyk.jpg?crop=535:301&width=1070&enable=upscale,https://www.yogajournal.com/poses/eagle-pose/
Standing Yoga Poses|Dolphin Pose,Dolphin Pose,https://www.yogajournal.com/wp-content/uploads/2007/08/hp_263_10_bjk_fnl.jpg?crop=535:301&width=1070&enable=upscale,https://www.yogajournal.com/poses/dolphin-pose-2/
Standing Yoga Poses|Chair Pose,Chair Pose,https://www.yogajournal.com/wp-content/uploads/2007/08/hp_292_267_bjk.jpg?crop=535:301&width=1070&enable=upscale,https://www.yogajournal.com/poses/chair-pose-2/
Standing Yoga Poses|Big Toe Pose,Big Toe Pose,https://www.yogajournal.com/wp-content/uploads/2007/08/big-toe-pose.jpg?crop=535:301&width=1070&enable=upscale,https://www.yogajournal.com/poses/big-toe-pose/
Seated Yoga Poses|Wide-Angle Seated Forward Bend,Wide-Angle Seated Forward Bend,https://www.yogajournal.com/wp-content/uploads/2007/08/wide-angle-seated-forward-bend.jpg?crop=535:301&width=1070&enable=upscale,https://www.yogajournal.com/poses/wide-angle-seated-forward-bend/
Seated Yoga Poses|Staff Pose,Staff Pose,https://www.yogajournal.com/wp-content/uploads/2007/08/staff-pose.jpg?crop=535:301&width=1070&enable=upscale,https://www.yogajournal.com/poses/staff-pose/
Seated Yoga Poses|Seated Forward Bend,Seated Forward Bend,https://www.yogajournal.com/wp-content/uploads/2007/08/promoforwardfoldhp2_292_37503_cmyk.jpg?crop=535:301&width=1070&enable=upscale,https://www.yogajournal.com/poses/seated-forward-bend/
Seated Yoga Poses|Revolved Head-to-Knee Pose,Revolved Head-to-Knee Pose,https://www.yogajournal.com/poses/types/revolved-head-to-knee-pose/,https://www.yogajournal.com/poses/types/revolved-head-to-knee-pose/
Seated Yoga Poses|Pose Dedicated to the Sage Marichi I,Pose Dedicated to the Sage Marichi I,https://www.yogajournal.com/wp-content/uploads/2007/08/mc_225_05-credit-marichyasana-i.jpg?crop=535:301&width=1070&enable=upscale,https://www.yogajournal.com/poses/pose-dedicated-to-the-sage-marichi-i/
Seated Yoga Poses|Monkey Pose,Monkey Pose,https://www.yogajournal.com/wp-content/uploads/2007/08/2compass-4.jpg?crop=535:301&width=1070&enable=upscale,https://www.yogajournal.com/poses/monkey-pose/
Seated Yoga Poses|Marichi’s Pose,Marichi’s Pose,https://www.yogajournal.com/wp-content/uploads/2007/08/anat_276_01_fnl-marichyasana.jpg?crop=535:301&width=1070&enable=upscale,https://www.yogajournal.com/poses/marichi-s-pose/
Seated Yoga Poses|Lotus Pose,Lotus Pose,https://www.yogajournal.com/wp-content/uploads/2007/08/ccd04508.jpg?crop=535:301&width=1070&enable=upscale,https://www.yogajournal.com/poses/types/seated-twists/lotus-pose/
Seated Yoga Poses|Heron Pose,Heron Pose,https://www.yogajournal.com/wp-content/uploads/2007/08/heron-pose-instructions.jpg?crop=535:301&width=1070&enable=upscale,https://www.yogajournal.com/poses/heron-pose/
Seated Yoga Poses|Hero Pose,Hero Pose,https://www.yogajournal.com/wp-content/uploads/2007/08/hero-pose-virasana.jpg?crop=535:301&width=1070&enable=upscale,https://www.yogajournal.com/poses/hero-pose/
Seated Yoga Poses|Head-to-Knee Forward Bend,Head-to-Knee Forward Bend,https://www.yogajournal.com/wp-content/uploads/2007/08/promoyp_292_00990_bjk.jpg?crop=535:301&width=1070&enable=upscale,https://www.yogajournal.com/poses/head-to-knee-forward-bend/
Seated Yoga Poses|Half Lord of the Fishes Pose,Half Lord of the Fishes Pose,https://www.yogajournal.com/wp-content/uploads/2007/08/half-lord-of-the-fishes-pose.jpg?crop=535:301&width=1070&enable=upscale,https://www.yogajournal.com/poses/types/twists/half-lord-of-the-fishes-pose/
Seated Yoga Poses|Fire Log Pose,Fire Log Pose,https://www.yogajournal.com/wp-content/uploads/2007/08/fire-log-pose-agnistambhasana.jpg?crop=535:301&width=1070&enable=upscale,https://www.yogajournal.com/poses/fire-log-pose/
Seated Yoga Poses|Easy Pose,Easy Pose,https://www.yogajournal.com/wp-content/uploads/2007/08/2hp_286_0507_bjk.jpg?crop=535:301&width=1070&enable=upscale,https://www.yogajournal.com/poses/types/seated-twists/easy-pose-3/
Seated Yoga Poses|Cow Pose,Cow Pose,https://www.yogajournal.com/wp-content/uploads/2007/08/3hp_288_02_bjk2.jpg?crop=535:301&width=1070&enable=upscale,https://www.yogajournal.com/poses/types/backbends/cow-pose/
Seated Yoga Poses|Bound Angle Pose,Bound Angle Pose,https://www.yogajournal.com/wp-content/uploads/2007/08/bound-angle-pose-baddha-konasana.jpg?crop=535:301&width=1070&enable=upscale,https://www.yogajournal.com/poses/types/seated-twists/bound-angle-pose-2/
Seated Yoga Poses|Boat Pose,Boat Pose,https://www.yogajournal.com/wp-content/uploads/2007/08/editedboathp_292_8_bjk.jpg?crop=535:301&width=1070&enable=upscale,https://www.yogajournal.com/poses/types/core/full-boat-pose-2/
Seated Yoga Poses|Bharadvaja’s Twist,Bharadvaja’s Twist,https://www.yogajournal.com/wp-content/uploads/2007/08/twistyp_292_00941_bjk.jpg?crop=535:301&width=1070&enable=upscale,https://www.yogajournal.com/poses/types/twists/bharadvaja-s-twist/
Restorative Yoga Poses|Reclining Hero Pose,Reclining Hero Pose,https://www.yogajournal.com/wp-content/uploads/2007/08/hp_263_02_bjk_fnl.jpg?crop=535:301&width=1070&enable=upscale,https://www.yogajournal.com/poses/reclining-hero-pose/
Restorative Yoga Poses|Reclining Hand-to-Big-Toe Pose,Reclining Hand-to-Big-Toe Pose,https://www.yogajournal.com/wp-content/uploads/2007/08/2hp_286_0421_bjk.jpg?crop=535:301&width=1070&enable=upscale,https://www.yogajournal.com/poses/reclining-big-toe-pose/
Restorative Yoga Poses|Reclining Bound Angle Pose,Reclining Bound Angle Pose,https://www.yogajournal.com/wp-content/uploads/2007/08/hp_288_13_bjk2.jpg?crop=535:301&width=1070&enable=upscale,https://www.yogajournal.com/poses/reclining-bound-angle-pose/
Restorative Yoga Poses|Legs-Up-the-Wall Pose,Legs-Up-the-Wall Pose,https://www.yogajournal.com/wp-content/uploads/2007/08/leah-cullis-performs-legs-up-the-wall-pose.jpg?crop=535:301&width=1070&enable=upscale,https://www.yogajournal.com/poses/legs-up-the-wall-pose-2/
Restorative Yoga Poses|Happy Baby Pose,Happy Baby Pose,https://www.yogajournal.com/wp-content/uploads/2008/05/jan-15-home-practice-ananda-balasana-happy-baby-pose.jpg?crop=535:301&width=1070&enable=upscale,https://www.yogajournal.com/poses/happy-baby-pose/
Restorative Yoga Poses|Corpse Pose,Corpse Pose,https://www.yogajournal.com/wp-content/uploads/2007/08/32hp_291_1982_gn_bjk.jpg?crop=535:301&width=1070&enable=upscale,https://www.yogajournal.com/poses/corpse-pose-2/
Restorative Yoga Poses|Child’s Pose,Child’s Pose,https://www.yogajournal.com/wp-content/uploads/2007/08/3yp_287_6604_gn_bjk.jpg?crop=535:301&width=1070&enable=upscale,https://www.yogajournal.com/poses/child-s-pose/
Pranayama Exercises & Poses|Yoga of Sound Breath,Yoga of Sound Breath,https://www.yogajournal.com/wp-content/uploads/2007/08/prana-mudra-2.gif?crop=535:301&width=1070&enable=upscale,https://www.yogajournal.com/poses/types/pranayama/yoga-of-sound-breath/
Pranayama Exercises & Poses|Skull Shining Breath,Skull Shining Breath,https://www.yogajournal.com/wp-content/uploads/2007/08/breathe-mediate-woman-sukhasana-prenatal.jpg?crop=535:301&width=1070&enable=upscale,https://www.yogajournal.com/poses/types/pranayama/skull-shining-breath/
Pranayama Exercises & Poses|Single Nostril Breath,Single Nostril Breath,https://www.yogajournal.com/wp-content/uploads/2007/08/img_9171-coral-brown-alternate-nostril-breahting-nadi-shodhana.jpg?crop=535:301&width=1070&enable=upscale,https://www.yogajournal.com/poses/types/pranayama/single-nostril-breath/
Pranayama Exercises & Poses|Root Bond,Root Bond,https://www.yogajournal.com/wp-content/uploads/2007/08/goddess_saraswati_sianna-sherman-meditation-1.jpg?crop=535:301&width=1070&enable=upscale,https://www.yogajournal.com/poses/root-bond/
Pranayama Exercises & Poses|Lion Pose,Lion Pose,https://www.yogajournal.com/wp-content/uploads/2007/08/liz-lion-pose.jpg?crop=535:301&width=1070&enable=upscale,https://www.yogajournal.com/poses/types/pranayama/lion-pose/
Pranayama Exercises & Poses|Deer Seal,Deer Seal,https://www.yogajournal.com/wp-content/uploads/2007/08/alternate-nostril-breathing.jpg?crop=535:301&width=1070&enable=upscale,https://www.yogajournal.com/poses/deer-seal/
Pranayama Exercises & Poses|Conqueror Breath,Conqueror Breath,https://www.yogajournal.com/wp-content/uploads/2007/08/sagerountreewarmingbreaths-ujjayi.jpg?crop=535:301&width=1070&enable=upscale,https://www.yogajournal.com/poses/types/pranayama/conqueror-breath/
Pranayama Exercises & Poses|Channel-Cleaning Breath,Channel-Cleaning Breath,https://www.yogajournal.com/wp-content/uploads/2007/08/sleep_268_14_siddhasana-sukhasana-meditation-1.jpg?crop=535:301&width=1070&enable=upscale,https://www.yogajournal.com/poses/types/pranayama/channel-cleaning-breath/
Pranayama Exercises & Poses|Breath Retention,Breath Retention,https://www.yogajournal.com/wp-content/uploads/2007/08/meditation_279_01_fnl2-half-lotus-meditation.jpg?crop=535:301&width=1070&enable=upscale,https://www.yogajournal.com/poses/types/pranayama/breath-retention/
Inversion Yoga Poses|Supported Shoulderstand,Supported Shoulderstand,https://www.yogajournal.com/wp-content/uploads/2007/08/2anatomy_284_05_fnl.jpg?crop=535:301&width=1070&enable=upscale,https://www.yogajournal.com/poses/supported-shoulderstand/
Inversion Yoga Poses|Supported Headstand,Supported Headstand,https://www.yogajournal.com/wp-content/uploads/2007/08/rina_headstand-2.jpg?crop=535:301&width=1070&enable=upscale,https://www.yogajournal.com/poses/supported-headstand/
Inversion Yoga Poses|Plow Pose,Plow Pose,https://www.yogajournal.com/wp-content/uploads/2021/04/plow-pose.jpg?crop=535:301&width=1070&enable=upscale,https://www.yogajournal.com/poses/types/inversions/plow-pose/
Inversion Yoga Poses|Legs-Up-the-Wall Pose,Legs-Up-the-Wall Pose,https://www.yogajournal.com/wp-content/uploads/2007/08/leah-cullis-performs-legs-up-the-wall-pose.jpg?crop=535:301&width=1070&enable=upscale,https://www.yogajournal.com/poses/legs-up-the-wall-pose-2/
Inversion Yoga Poses|Handstand or Downward Facing Tree Pose,Handstand or Downward Facing Tree Pose,https://www.yogajournal.com/wp-content/uploads/2007/08/201506-yjmag-handstand-final.jpg?crop=535:301&width=1070&enable=upscale,https://www.yogajournal.com/poses/types/handstand/
Inversion Yoga Poses|Feathered Peacock Pose,Feathered Peacock Pose,https://www.yogajournal.com/wp-content/uploads/2007/08/forearm-balance-clio-manuelian.jpg?crop=535:301&width=1070&enable=upscale,https://www.yogajournal.com/poses/feathered-peacock-pose/
Inversion Yoga Poses|Extended Puppy Pose,Extended Puppy Pose,https://www.yogajournal.com/wp-content/uploads/2007/08/3yp_287_6641_gn_bjk.jpg?crop=535:301&width=1070&enable=upscale,https://www.yogajournal.com/poses/extended-puppy-pose/
Inversion Yoga Poses|Dolphin Pose,Dolphin Pose,https://www.yogajournal.com/wp-content/uploads/2007/08/hp_263_10_bjk_fnl.jpg?crop=535:301&width=1070&enable=upscale,https://www.yogajournal.com/poses/dolphin-pose-2/
Hip-Opening Yoga Poses|Wide-Legged Forward Bend,Wide-Legged Forward Bend,https://www.yogajournal.com/wp-content/uploads/2007/08/3hp_289_6573_bjk.jpg?crop=535:301&width=1070&enable=upscale,https://www.yogajournal.com/poses/wide-legged-forward-bend/
Hip-Opening Yoga Poses|Wide-Angle Seated Forward Bend,Wide-Angle Seated Forward Bend,https://www.yogajournal.com/wp-content/uploads/2007/08/wide-angle-seated-forward-bend.jpg?crop=535:301&width=1070&enable=upscale,https://www.yogajournal.com/poses/wide-angle-seated-forward-bend/
Hip-Opening Yoga Poses|Reclining Bound Angle Pose,Reclining Bound Angle Pose,https://www.yogajournal.com/wp-content/uploads/2007/08/hp_288_13_bjk2.jpg?crop=535:301&width=1070&enable=upscale,https://www.yogajournal.com/poses/reclining-bound-angle-pose/
Hip-Opening Yoga Poses|Pose Dedicated to the Sage Marichi I,Pose Dedicated to the Sage Marichi I,https://www.yogajournal.com/wp-content/uploads/2007/08/mc_225_05-credit-marichyasana-i.jpg?crop=535:301&width=1070&enable=upscale,https://www.yogajournal.com/poses/pose-dedicated-to-the-sage-marichi-i/
Hip-Opening Yoga Poses|One-Legged King Pigeon Pose,One-Legged King Pigeon Pose,https://www.yogajournal.com/wp-content/uploads/2007/08/king-pigeon.jpg?crop=535:301&width=1070&enable=upscale,https://www.yogajournal.com/poses/one-legged-king-pigeon-pose/
Hip-Opening Yoga Poses|Noose Pose,Noose Pose,https://www.yogajournal.com/wp-content/uploads/2007/08/noose-pose-pasasana.jpg?crop=535:301&width=1070&enable=upscale,https://www.yogajournal.com/poses/noose-pose/
Hip-Opening Yoga Poses|Marichi’s Pose,Marichi’s Pose,https://www.yogajournal.com/wp-content/uploads/2007/08/anat_276_01_fnl-marichyasana.jpg?crop=535:301&width=1070&enable=upscale,https://www.yogajournal.com/poses/marichi-s-pose/
Hip-Opening Yoga Poses|Half Lord of the Fishes Pose,Half Lord of the Fishes Pose,https://www.yogajournal.com/wp-content/uploads/2007/08/half-lord-of-the-fishes-pose.jpg?crop=535:301&width=1070&enable=upscale,https://www.yogajournal.com/poses/types/twists/half-lord-of-the-fishes-pose/
Hip-Opening Yoga Poses|Fire Log Pose,Fire Log Pose,https://www.yogajournal.com/wp-content/uploads/2007/08/fire-log-pose-agnistambhasana.jpg?crop=535:301&width=1070&enable=upscale,https://www.yogajournal.com/poses/fire-log-pose/
Hip-Opening Yoga Poses|Extended Hand-to-Big-Toe Pose,Extended Hand-to-Big-Toe Pose,https://www.yogajournal.com/wp-content/uploads/2007/08/2yp_285_1542_prf.jpg?crop=535:301&width=1070&enable=upscale,https://www.yogajournal.com/poses/extended-hand-to-big-toe-pose/
Hip-Opening Yoga Poses|Easy Pose,Easy Pose,https://www.yogajournal.com/wp-content/uploads/2007/08/2hp_286_0507_bjk.jpg?crop=535:301&width=1070&enable=upscale,https://www.yogajournal.com/poses/types/seated-twists/easy-pose-3/
Hip-Opening Yoga Poses|Eagle Pose,Eagle Pose,https://www.yogajournal.com/wp-content/uploads/2007/08/eaglehp2_292_37370_cmyk.jpg?crop=535:301&width=1070&enable=upscale,https://www.yogajournal.com/poses/eagle-pose/
Hip-Opening Yoga Poses|Cow Face Pose,Cow Face Pose,https://www.yogajournal.com/wp-content/uploads/2007/08/gomukhasana.jpg?crop=535:301&width=1070&enable=upscale,https://www.yogajournal.com/poses/cow-face-pose/
Hip-Opening Yoga Poses|Child’s Pose,Child’s Pose,https://www.yogajournal.com/wp-content/uploads/2007/08/3yp_287_6604_gn_bjk.jpg?crop=535:301&width=1070&enable=upscale,https://www.yogajournal.com/poses/child-s-pose/
Hip-Opening Yoga Poses|Bound Angle Pose,Bound Angle Pose,https://www.yogajournal.com/wp-content/uploads/2007/08/bound-angle-pose-baddha-konasana.jpg?crop=535:301&width=1070&enable=upscale,https://www.yogajournal.com/poses/types/seated-twists/bound-angle-pose-2/
Hip-Opening Yoga Poses|Bharadvaja’s Twist,Bharadvaja’s Twist,https://www.yogajournal.com/wp-content/uploads/2007/08/twistyp_292_00941_bjk.jpg?crop=535:301&width=1070&enable=upscale,https://www.yogajournal.com/poses/types/twists/bharadvaja-s-twist/
Forward Bend Yoga Poses|Wide-Legged Forward Bend,Wide-Legged Forward Bend,https://www.yogajournal.com/wp-content/uploads/2007/08/3hp_289_6573_bjk.jpg?crop=535:301&width=1070&enable=upscale,https://www.yogajournal.com/poses/wide-legged-forward-bend/
Forward Bend Yoga Poses|Wide-Angle Seated Forward Bend,Wide-Angle Seated Forward Bend,https://www.yogajournal.com/wp-content/uploads/2007/08/wide-angle-seated-forward-bend.jpg?crop=535:301&width=1070&enable=upscale,https://www.yogajournal.com/poses/wide-angle-seated-forward-bend/
Forward Bend Yoga Poses|Standing Split,Standing Split,https://www.yogajournal.com/poses/standing-split/,https://www.yogajournal.com/poses/standing-split/
Forward Bend Yoga Poses|Standing Half Forward Bend,Standing Half Forward Bend,https://www.yogajournal.com/wp-content/uploads/2008/02/2hp_281_0176_bjk.jpg?crop=535:301&width=1070&enable=upscale,https://www.yogajournal.com/poses/standing-half-forward-bend/
Forward Bend Yoga Poses|Standing Forward Bend,Standing Forward Bend,https://www.yogajournal.com/wp-content/uploads/2017/04/hpforwardbend2.jpg?crop=535:301&width=1070&enable=upscale,https://www.yogajournal.com/poses/standing-forward-bend-2/
Forward Bend Yoga Poses|Seated Forward Bend,Seated Forward Bend,https://www.yogajournal.com/wp-content/uploads/2007/08/promoforwardfoldhp2_292_37503_cmyk.jpg?crop=535:301&width=1070&enable=upscale,https://www.yogajournal.com/poses/seated-forward-bend/
Forward Bend Yoga Poses|Pose Dedicated to the Sage Marichi I,Pose Dedicated to the Sage Marichi I,https://www.yogajournal.com/wp-content/uploads/2007/08/mc_225_05-credit-marichyasana-i.jpg?crop=535:301&width=1070&enable=upscale,https://www.yogajournal.com/poses/pose-dedicated-to-the-sage-marichi-i/
Forward Bend Yoga Poses|Master Paschimottanasana in 6 Steps,Master Paschimottanasana in 6 Steps,https://www.yogajournal.com/wp-content/uploads/2018/02/yogapedia-forwardfold.jpg?crop=535:301&width=1070&enable=upscale,https://www.yogajournal.com/poses/master-paschimottanasana-in-6-steps/
Forward Bend Yoga Poses|Intense Side Stretch Pose,Intense Side Stretch Pose,https://www.yogajournal.com/wp-content/uploads/2007/08/ccd04294.jpg?crop=535:301&width=1070&enable=upscale,https://www.yogajournal.com/poses/types/intense-side-stretch-pose/
Forward Bend Yoga Poses|Head-to-Knee Forward Bend,Head-to-Knee Forward Bend,https://www.yogajournal.com/wp-content/uploads/2007/08/promoyp_292_00990_bjk.jpg?crop=535:301&width=1070&enable=upscale,https://www.yogajournal.com/poses/head-to-knee-forward-bend/
Forward Bend Yoga Poses|Extended Puppy Pose,Extended Puppy Pose,https://www.yogajournal.com/wp-content/uploads/2007/08/3yp_287_6641_gn_bjk.jpg?crop=535:301&width=1070&enable=upscale,https://www.yogajournal.com/poses/extended-puppy-pose/
Forward Bend Yoga Poses|Child’s Pose,Child’s Pose,https://www.yogajournal.com/wp-content/uploads/2007/08/3yp_287_6604_gn_bjk.jpg?crop=535:301&width=1070&enable=upscale,https://www.yogajournal.com/poses/child-s-pose/
Forward Bend Yoga Poses|Bound Angle Pose,Bound Angle Pose,https://www.yogajournal.com/wp-content/uploads/2007/08/bound-angle-pose-baddha-konasana.jpg?crop=535:301&width=1070&enable=upscale,https://www.yogajournal.com/poses/types/seated-twists/bound-angle-pose-2/
Forward Bend Yoga Poses|Big Toe Pose,Big Toe Pose,https://www.yogajournal.com/wp-content/uploads/2007/08/big-toe-pose.jpg?crop=535:301&width=1070&enable=upscale,https://www.yogajournal.com/poses/big-toe-pose/
Forward Bend Yoga Poses|3 Ways to Modify Paschimottanasana,3 Ways to Modify Paschimottanasana,https://www.yogajournal.com/wp-content/uploads/2018/02/yogapedia-flatback-forward-fold.jpg?crop=535:301&width=1070&enable=upscale,https://www.yogajournal.com/poses/3-ways-to-modify-paschimottanasana/
Core Yoga Poses|Side-Reclining Leg Lift,Side-Reclining Leg Lift,https://www.yogajournal.com/poses/side-reclining-leg-lift/,https://www.yogajournal.com/poses/side-reclining-leg-lift/
Core Yoga Poses|Side Plank Pose,Side Plank Pose,https://www.yogajournal.com/wp-content/uploads/2007/08/2hp_271_06_fnl.jpg?crop=535:301&width=1070&enable=upscale,https://www.yogajournal.com/poses/side-plank-pose/
Core Yoga Poses|Scale Pose,Scale Pose,https://www.yogajournal.com/wp-content/uploads/2007/08/scale-pose.jpg?crop=535:301&width=1070&enable=upscale,https://www.yogajournal.com/poses/scale-pose/
Core Yoga Poses|Plank Pose – Step by Step Instructions,Plank Pose – Step by Step Instructions,https://www.yogajournal.com/wp-content/uploads/2017/04/3editplankhp2_292_37428_cmyk.jpg?crop=535:301&width=1070&enable=upscale,https://www.yogajournal.com/poses/types/strength/plank-pose/
Core Yoga Poses|Happy Baby Pose,Happy Baby Pose,https://www.yogajournal.com/wp-content/uploads/2008/05/jan-15-home-practice-ananda-balasana-happy-baby-pose.jpg?crop=535:301&width=1070&enable=upscale,https://www.yogajournal.com/poses/happy-baby-pose/
Core Yoga Poses|Four-Limbed Staff Pose,Four-Limbed Staff Pose,https://www.yogajournal.com/wp-content/uploads/2007/08/edit3chaturangahp2_292_37434_cmyk.jpg?crop=535:301&width=1070&enable=upscale,https://www.yogajournal.com/poses/types/strength/four-limbed-staff-pose/
Core Yoga Poses|Dolphin Pose,Dolphin Pose,https://www.yogajournal.com/wp-content/uploads/2007/08/hp_263_10_bjk_fnl.jpg?crop=535:301&width=1070&enable=upscale,https://www.yogajournal.com/poses/dolphin-pose-2/
Core Yoga Poses|Dolphin Plank Pose,Dolphin Plank Pose,https://www.yogajournal.com/wp-content/uploads/2007/08/3anatomy_287_3356_bjk.jpg?crop=535:301&width=1070&enable=upscale,https://www.yogajournal.com/poses/dolphin-plank-pose/
Core Yoga Poses|Crane (Crow) Pose,Crane (Crow) Pose,https://www.yogajournal.com/wp-content/uploads/2007/08/editcrowhp_292_9_bjk.jpg?crop=535:301&width=1070&enable=upscale,https://www.yogajournal.com/poses/types/crane-pose/
Core Yoga Poses|Chair Pose,Chair Pose,https://www.yogajournal.com/wp-content/uploads/2007/08/hp_292_267_bjk.jpg?crop=535:301&width=1070&enable=upscale,https://www.yogajournal.com/poses/chair-pose-2/
Core Yoga Poses|Cat Pose,Cat Pose,https://www.yogajournal.com/wp-content/uploads/2007/08/2hp_286_0574_bjk.jpg?crop=535:301&width=1070&enable=upscale,https://www.yogajournal.com/poses/cat-pose/
Core Yoga Poses|Boat Pose,Boat Pose,https://www.yogajournal.com/wp-content/uploads/2007/08/editedboathp_292_8_bjk.jpg?crop=535:301&width=1070&enable=upscale,https://www.yogajournal.com/poses/types/core/full-boat-pose-2/
Chest-Opening Yoga Poses|Wild Thing,Wild Thing,https://www.yogajournal.com/wp-content/uploads/2009/08/2yp_283_0205_fnl.jpg?crop=535:301&width=1070&enable=upscale,https://www.yogajournal.com/poses/wild-thing/
Chest-Opening Yoga Poses|Upward-Facing Dog Pose,Upward-Facing Dog Pose,https://www.yogajournal.com/wp-content/uploads/2007/08/promoupdoghp2_292_37440_cmyk.jpg?crop=535:301&width=1070&enable=upscale,https://www.yogajournal.com/poses/upward-facing-dog-2/
Chest-Opening Yoga Poses|Upward Facing Two-Foot Staff Pose,Upward Facing Two-Foot Staff Pose,https://www.yogajournal.com/wp-content/uploads/2007/08/upward-facing-two-foot-staff-pose.jpg?crop=535:301&width=1070&enable=upscale,https://www.yogajournal.com/poses/upward-facing-two-foot-staff-pose/
Chest-Opening Yoga Poses|Upward Bow (Wheel) Pose,Upward Bow (Wheel) Pose,https://www.yogajournal.com/wp-content/uploads/2007/08/2hp_276_13_fnl.jpg?crop=535:301&width=1070&enable=upscale,https://www.yogajournal.com/poses/upward-bow-or-wheel-pose/
Chest-Opening Yoga Poses|Sphinx Pose,Sphinx Pose,https://www.yogajournal.com/wp-content/uploads/2007/08/32anatomy_290_5169_bjk.jpg?crop=535:301&width=1070&enable=upscale,https://www.yogajournal.com/poses/sphinx-pose/
Chest-Opening Yoga Poses|Lord of the Dance Pose,Lord of the Dance Pose,https://www.yogajournal.com/wp-content/uploads/2007/08/3enneagram_289_1454_bjk.jpg?crop=535:301&width=1070&enable=upscale,https://www.yogajournal.com/poses/types/backbends/lord-of-the-dance-pose/
Chest-Opening Yoga Poses|Locust Pose,Locust Pose,https://www.yogajournal.com/wp-content/uploads/2007/08/2anatomy_278_01_fnl.jpg?crop=535:301&width=1070&enable=upscale,https://www.yogajournal.com/poses/locust-pose/
Chest-Opening Yoga Poses|Half Frog Pose,Half Frog Pose,https://www.yogajournal.com/wp-content/uploads/2007/08/ccd05808.jpg?crop=535:301&width=1070&enable=upscale,https://www.yogajournal.com/poses/types/backbends/half-frog-pose/
Chest-Opening Yoga Poses|Fish Pose,Fish Pose,https://www.yogajournal.com/wp-content/uploads/2007/08/32enneagram_289_1419_bjk.jpg?crop=535:301&width=1070&enable=upscale,https://www.yogajournal.com/poses/types/backbends/fish-pose/
Chest-Opening Yoga Poses|Cow Pose,Cow Pose,https://www.yogajournal.com/wp-content/uploads/2007/08/3hp_288_02_bjk2.jpg?crop=535:301&width=1070&enable=upscale,https://www.yogajournal.com/poses/types/backbends/cow-pose/
Chest-Opening Yoga Poses|Cobra Pose,Cobra Pose,https://www.yogajournal.com/wp-content/uploads/2007/08/3yp_287_6710_gn_bjk.jpg?crop=535:301&width=1070&enable=upscale,https://www.yogajournal.com/poses/types/cobra-pose-2/
Chest-Opening Yoga Poses|Camel Pose,Camel Pose,https://www.yogajournal.com/wp-content/uploads/2007/08/ccd03730.jpg?crop=535:301&width=1070&enable=upscale,https://www.yogajournal.com/poses/types/backbends/camel-pose/
Chest-Opening Yoga Poses|Bow Pose,Bow Pose,https://www.yogajournal.com/wp-content/uploads/2007/08/3enneagram_289_1380_bjk.jpg?crop=535:301&width=1070&enable=upscale,https://www.yogajournal.com/poses/bow-pose/
Binding Yoga Poses|Pose Dedicated to the Sage Marichi I,Pose Dedicated to the Sage Marichi I,https://www.yogajournal.com/wp-content/uploads/2007/08/mc_225_05-credit-marichyasana-i.jpg?crop=535:301&width=1070&enable=upscale,https://www.yogajournal.com/poses/pose-dedicated-to-the-sage-marichi-i/
Binding Yoga Poses|Noose Pose,Noose Pose,https://www.yogajournal.com/wp-content/uploads/2007/08/noose-pose-pasasana.jpg?crop=535:301&width=1070&enable=upscale,https://www.yogajournal.com/poses/noose-pose/
Balancing Yoga Poses|Warrior III Pose,Warrior III Pose,https://www.yogajournal.com/wp-content/uploads/2007/08/promowarrioranatomy_292_36462_cmyk.jpg?crop=535:301&width=1070&enable=upscale,https://www.yogajournal.com/poses/warrior-iii-pose/
Balancing Yoga Poses|Supported Shoulderstand,Supported Shoulderstand,https://www.yogajournal.com/wp-content/uploads/2007/08/2anatomy_284_05_fnl.jpg?crop=535:301&width=1070&enable=upscale,https://www.yogajournal.com/poses/supported-shoulderstand/
Balancing Yoga Poses|Supported Headstand,Supported Headstand,https://www.yogajournal.com/wp-content/uploads/2007/08/rina_headstand-2.jpg?crop=535:301&width=1070&enable=upscale,https://www.yogajournal.com/poses/supported-headstand/
Balancing Yoga Poses|Side-Reclining Leg Lift,Side-Reclining Leg Lift,https://www.yogajournal.com/poses/side-reclining-leg-lift/,https://www.yogajournal.com/poses/side-reclining-leg-lift/
Balancing Yoga Poses|Side Plank Pose,Side Plank Pose,https://www.yogajournal.com/wp-content/uploads/2007/08/2hp_271_06_fnl.jpg?crop=535:301&width=1070&enable=upscale,https://www.yogajournal.com/poses/side-plank-pose/
Balancing Yoga Poses|Lord of the Dance Pose,Lord of the Dance Pose,https://www.yogajournal.com/wp-content/uploads/2007/08/3enneagram_289_1454_bjk.jpg?crop=535:301&width=1070&enable=upscale,https://www.yogajournal.com/poses/types/backbends/lord-of-the-dance-pose/
Balancing Yoga Poses|Handstand or Downward Facing Tree Pose,Handstand or Downward Facing Tree Pose,https://www.yogajournal.com/wp-content/uploads/2007/08/201506-yjmag-handstand-final.jpg?crop=535:301&width=1070&enable=upscale,https://www.yogajournal.com/poses/types/handstand/
Balancing Yoga Poses|Half Moon Pose,Half Moon Pose,https://www.yogajournal.com/wp-content/uploads/2007/08/2hp_291_1860_gn_bjk.jpg?crop=535:301&width=1070&enable=upscale,https://www.yogajournal.com/poses/types/balancing/half-moon-pose-3/
Balancing Yoga Poses|Extended Hand-to-Big-Toe Pose,Extended Hand-to-Big-Toe Pose,https://www.yogajournal.com/wp-content/uploads/2007/08/2yp_285_1542_prf.jpg?crop=535:301&width=1070&enable=upscale,https://www.yogajournal.com/poses/extended-hand-to-big-toe-pose/
Balancing Yoga Poses|Eagle Pose,Eagle Pose,https://www.yogajournal.com/wp-content/uploads/2007/08/eaglehp2_292_37370_cmyk.jpg?crop=535:301&width=1070&enable=upscale,https://www.yogajournal.com/poses/eagle-pose/
Arm Balance Yoga Poses|Wild Thing,Wild Thing,https://www.yogajournal.com/wp-content/uploads/2009/08/2yp_283_0205_fnl.jpg?crop=535:301&width=1070&enable=upscale,https://www.yogajournal.com/poses/wild-thing/
Arm Balance Yoga Poses|Side Plank Pose,Side Plank Pose,https://www.yogajournal.com/wp-content/uploads/2007/08/2hp_271_06_fnl.jpg?crop=535:301&width=1070&enable=upscale,https://www.yogajournal.com/poses/side-plank-pose/
Arm Balance Yoga Poses|Side Crane (Crow) Pose,Side Crane (Crow) Pose,https://www.yogajournal.com/wp-content/uploads/2007/08/32yp_291_2199_gn_bjk2.jpg?crop=535:301&width=1070&enable=upscale,https://www.yogajournal.com/poses/side-crane-pose/
Arm Balance Yoga Poses|Shoulder-Pressing Pose,Shoulder-Pressing Pose,https://www.yogajournal.com/poses/shoulder-pressing-pose/,https://www.yogajournal.com/poses/shoulder-pressing-pose/
Arm Balance Yoga Poses|Scale Pose,Scale Pose,https://www.yogajournal.com/wp-content/uploads/2007/08/scale-pose.jpg?crop=535:301&width=1070&enable=upscale,https://www.yogajournal.com/poses/scale-pose/
Arm Balance Yoga Poses|Pose Dedicated to the Sage Koundinya II,Pose Dedicated to the Sage Koundinya II,https://www.yogajournal.com/wp-content/uploads/2007/08/eka-pada-koundinyasana-coby-kozlowski.jpg?crop=535:301&width=1070&enable=upscale,https://www.yogajournal.com/poses/pose-dedicated-to-the-sage-koundinya-ii/
Arm Balance Yoga Poses|Pose Dedicated to the Sage Koundinya I,Pose Dedicated to the Sage Koundinya I,https://www.yogajournal.com/wp-content/uploads/2007/08/nov-14-yogapedia-eka-pada-koundinyasana-1.jpg?crop=535:301&width=1070&enable=upscale,https://www.yogajournal.com/poses/pose-dedicated-to-the-sage-koundinya-i/
Arm Balance Yoga Poses|Plank Pose – Step by Step Instructions,Plank Pose – Step by Step Instructions,https://www.yogajournal.com/wp-content/uploads/2017/04/3editplankhp2_292_37428_cmyk.jpg?crop=535:301&width=1070&enable=upscale,https://www.yogajournal.com/poses/types/strength/plank-pose/
Arm Balance Yoga Poses|Peacock Pose,Peacock Pose,https://www.yogajournal.com/wp-content/uploads/2008/05/peacock-master.jpg?crop=535:301&width=1070&enable=upscale,https://www.yogajournal.com/poses/peacock-pose/
Arm Balance Yoga Poses|Four-Limbed Staff Pose,Four-Limbed Staff Pose,https://www.yogajournal.com/wp-content/uploads/2007/08/edit3chaturangahp2_292_37434_cmyk.jpg?crop=535:301&width=1070&enable=upscale,https://www.yogajournal.com/poses/types/strength/four-limbed-staff-pose/
Arm Balance Yoga Poses|Firefly Pose,Firefly Pose,https://www.yogajournal.com/wp-content/uploads/2007/08/firefly-pose.jpg?crop=535:301&width=1070&enable=upscale,https://www.yogajournal.com/poses/firefly-pose/
Arm Balance Yoga Poses|Eight-Angle Pose,Eight-Angle Pose,https://www.yogajournal.com/wp-content/uploads/2008/04/rina-eight-angle-astavakrasana.jpg?crop=535:301&width=1070&enable=upscale,https://www.yogajournal.com/poses/eight-angle-pose/
Arm Balance Yoga Poses|Dolphin Pose,Dolphin Pose,https://www.yogajournal.com/wp-content/uploads/2007/08/hp_263_10_bjk_fnl.jpg?crop=535:301&width=1070&enable=upscale,https://www.yogajournal.com/poses/dolphin-pose-2/
Arm Balance Yoga Poses|Crane (Crow) Pose,Crane (Crow) Pose,https://www.yogajournal.com/wp-content/uploads/2007/08/editcrowhp_292_9_bjk.jpg?crop=535:301&width=1070&enable=upscale,https://www.yogajournal.com/poses/types/crane-pose/
